dayofyear,unixtime,person
6,1452148284,Matthew Gregan
7,1452188453,Ralph Giles
7,1452200121,Ralph Giles
7,1452210715,Ralph Giles
7,1452222586,Matthew Gregan
7,1452222624,Matthew Gregan
7,1452222654,Matthew Gregan
7,1452222723,Matthew Gregan
7,1452222913,Matthew Gregan
7,1452223573,Matthew Gregan
7,1452225946,Matthew Gregan
7,1452230355,Matthew Gregan
7,1452231016,Matthew Gregan
7,1452231509,Matthew Gregan
8,1452273931,Ralph Giles
8,1452286805,Ralph Giles
8,1452286857,Ralph Giles
8,1452289872,Ralph Giles
10,1452476140,Matthew Gregan
10,1452483113,Matthew Gregan
10,1452484454,Matthew Gregan
10,1452485616,Matthew Gregan
10,1452487653,Matthew Gregan
10,1452494105,Matthew Gregan
11,1452536114,Ralph Giles
11,1452539979,Ralph Giles
11,1452541432,Ralph Giles
12,1452646157,Matthew Gregan
12,1452660559,Matthew Gregan
12,1452660661,Matthew Gregan
13,1452734176,Ralph Giles
13,1452738099,Matthew Gregan
14,1452804619,Francois Marier
14,1452805276,Matthew Gregan
14,1452812164,Ralph Giles
14,1452825209,Matthew Gregan
14,1452839091,Matthew Gregan
15,1452875862,Ralph Giles
15,1452877926,Ralph Giles
17,1453070229,Matthew Gregan
18,1453161611,Ralph Giles
18,1453161978,Ralph Giles
20,1453318763,fbergr
20,1453321847,Matthew Gregan
21,1453418232,Matthew Gregan
22,1453505146,Ralph Giles
22,1453506595,Ralph Giles
22,1453506972,Ralph Giles
22,1453509270,Ralph Giles
24,1453677483,Matthew Gregan
24,1453678673,Matthew Gregan
24,1453680764,Matthew Gregan
24,1453681373,Matthew Gregan
24,1453692854,Matthew Gregan
25,1453742340,Ralph Giles
25,1453766019,Ralph Giles
25,1453770344,Matthew Gregan
25,1453770344,Matthew Gregan
25,1453770600,Ralph Giles
25,1453771372,Ralph Giles
25,1453771526,Ralph Giles
25,1453779993,Matthew Gregan
26,1453842086,Ralph Giles
26,1453859916,Matthew Gregan
26,1453860156,Matthew Gregan
26,1453875749,Ralph Giles
27,1453940942,Matthew Gregan
28,1454004378,Ralph Giles
28,1454004518,Ralph Giles
28,1454006830,Ralph Giles
28,1454007013,Ralph Giles
28,1454007023,Ralph Giles
28,1454007224,Ralph Giles
28,1454008306,Ralph Giles
28,1454014033,Ralph Giles
28,1454014616,Ralph Giles
28,1454016760,Ralph Giles
28,1454017235,Ralph Giles
28,1454019944,Ralph Giles
28,1454022037,Ralph Giles
28,1454026637,Matthew Gregan
28,1454028227,Matthew Gregan
28,1454031358,Matthew Gregan
28,1454031531,Matthew Gregan
28,1454031739,Matthew Gregan
28,1454032513,Matthew Gregan
28,1454039951,Matthew Gregan
28,1454042229,Matthew Gregan
28,1454045416,Matthew Gregan
28,1454049811,Ralph Giles
28,1454050670,Ralph Giles
29,1454096206,Ralph Giles
31,1454279858,Matthew Gregan
31,1454279953,Matthew Gregan
31,1454281503,Matthew Gregan
31,1454283306,Matthew Gregan
31,1454286645,Matthew Gregan
31,1454288317,Matthew Gregan
31,1454290273,Matthew Gregan
31,1454291027,Matthew Gregan
31,1454291965,Matthew Gregan
31,1454293214,Matthew Gregan
31,1454295124,Matthew Gregan
31,1454295273,Matthew Gregan
32,1454360666,Ralph Giles
32,1454372223,Matthew Gregan
33,1454451653,Ralph Giles
33,1454464254,Ralph Giles
33,1454469912,Matthew Gregan
33,1454473851,Matthew Gregan
33,1454473871,Matthew Gregan
33,1454475021,Matthew Gregan
33,1454476815,Matthew Gregan
33,1454477577,Matthew Gregan
33,1454478751,Matthew Gregan
33,1454482978,Matthew Gregan
34,1454555571,Matthew Gregan
34,1454556818,Matthew Gregan
34,1454559399,Matthew Gregan
34,1454559430,Matthew Gregan
34,1454564383,Matthew Gregan
34,1454567185,Matthew Gregan
42,1455252397,Matthew Gregan
42,1455258653,Matthew Gregan
42,1455259138,Matthew Gregan
43,1455322330,Matthew Gregan
43,1455322430,Matthew Gregan
44,1455417523,Matthew Gregan
45,1455506656,Matthew Gregan
45,1455516974,Matthew Gregan
45,1455517093,Matthew Gregan
47,1455675689,Matthew Gregan
47,1455677083,Matthew Gregan
47,1455682666,Matthew Gregan
47,1455684710,Matthew Gregan
47,1455686257,Matthew Gregan
48,1455751408,Matthew Gregan
48,1455759166,Matthew Gregan
48,1455759225,Matthew Gregan
49,1455847003,Matthew Gregan
49,1455847104,Matthew Gregan
49,1455847164,Matthew Gregan
53,1456191780,Matthew Gregan
54,1456281709,Matthew Gregan
55,1456365049,Matthew Gregan
55,1456367739,Matthew Gregan
55,1456374352,Matthew Gregan
55,1456374408,Matthew Gregan
56,1456455676,Matthew Gregan
59,1456718923,Matthew Gregan
59,1456724777,Matthew Gregan
59,1456725124,Matthew Gregan
60,1456790539,Matthew Gregan
60,1456790965,Matthew Gregan
60,1456794970,Matthew Gregan
61,1456874695,Matthew Gregan
61,1456882210,Matthew Gregan
61,1456892765,Matthew Gregan
62,1456937487,Ralph Giles
62,1456964468,Matthew Gregan
63,1457054298,Matthew Gregan
63,1457055145,Matthew Gregan
63,1457056597,Matthew Gregan
68,1457488133,Matthew Gregan
69,1457580948,Matthew Gregan
69,1457582806,Matthew Gregan
71,1457734338,Ralph Giles
71,1457734509,Ralph Giles
82,1458699149,Matthew Gregan
83,1458752050,Ralph Giles
84,1458852149,Ralph Giles
145,1464128405,Ralph Giles
146,1464199236,Ralph Giles
146,1464205620,Ralph Giles
155,1464976661,Ralph Giles
169,1466151875,Ralph Giles
169,1466152190,Ralph Giles
169,1466158387,Matthew Gregan
172,1466431309,Ralph Giles
172,1466431665,Ralph Giles
174,1466634235,Matthew Gregan
175,1466706966,Ralph Giles
175,1466707251,Ralph Giles
176,1466802349,Ralph Giles
179,1467061958,Ralph Giles
181,1467236615,Ralph Giles
195,1468418975,masklinn
196,1468496028,Matthew Gregan
196,1468499119,Matthew Gregan
200,1468869702,Ralph Giles
208,1469570994,Matthew Gregan
208,1469580843,leonardo.yvens
208,1469581336,Matthew Gregan
208,1469582831,Matthew Gregan
454,1427735981,Ralph Giles
454,1427736017,Ralph Giles
454,1427750398,Ralph Giles
472,1429305501,Ralph Giles
472,1429306384,Ralph Giles
472,1429306403,Ralph Giles
472,1429306986,Ralph Giles
477,1429739360,Ralph Giles
478,1429853979,Ralph Giles
479,1429862238,Ralph Giles
479,1429862715,Ralph Giles
479,1429863686,Ralph Giles
479,1429864220,Ralph Giles
479,1429864732,Ralph Giles
479,1429865316,Ralph Giles
479,1429865709,Ralph Giles
479,1429907974,Ralph Giles
479,1429919667,Ralph Giles
482,1430161301,Ralph Giles
482,1430167867,Ralph Giles
482,1430176041,Ralph Giles
482,1430176087,Ralph Giles
482,1430176168,Ralph Giles
489,1430762055,Ralph Giles
489,1430763507,Ralph Giles
489,1430763700,Ralph Giles
489,1430765130,Ralph Giles
489,1430776131,Ralph Giles
504,1432079119,Ralph Giles
504,1432079488,Ralph Giles
504,1432080219,Ralph Giles
506,1432237903,Ralph Giles
510,1432589639,Ralph Giles
510,1432593376,Ralph Giles
510,1432596577,Ralph Giles
510,1432597143,Ralph Giles
513,1432855891,Ralph Giles
514,1432933585,Ralph Giles
514,1432934167,Ralph Giles
514,1432941450,Ralph Giles
518,1433283069,Ralph Giles
518,1433286521,Ralph Giles
519,1433365342,Ralph Giles
519,1433375997,Ralph Giles
519,1433376041,Ralph Giles
519,1433376507,Ralph Giles
519,1433377540,Ralph Giles
520,1433440905,Ralph Giles
520,1433442272,Ralph Giles
520,1433454180,Ralph Giles
521,1433537794,Ralph Giles
521,1433538234,Ralph Giles
521,1433540271,Ralph Giles
521,1433540338,Ralph Giles
521,1433542015,Ralph Giles
521,1433548607,Ralph Giles
521,1433548630,Ralph Giles
526,1433957238,Ralph Giles
526,1433957485,Ralph Giles
527,1434058130,Ralph Giles
531,1434404539,Ralph Giles
531,1434412203,Ralph Giles
531,1434415806,Ralph Giles
531,1434415836,Ralph Giles
532,1434474950,Ralph Giles
532,1434478150,Ralph Giles
532,1434478180,Ralph Giles
532,1434483383,Ralph Giles
532,1434483565,Ralph Giles
532,1434488723,Ralph Giles
532,1434495159,Ralph Giles
535,1434740521,Ralph Giles
535,1434745443,Ralph Giles
535,1434745808,Ralph Giles
535,1434745953,Ralph Giles
535,1434746163,Ralph Giles
535,1434746216,Ralph Giles
535,1434746401,Ralph Giles
535,1434746876,Ralph Giles
545,1435611736,Ralph Giles
546,1435696085,Ralph Giles
546,1435696120,Ralph Giles
546,1435696137,Ralph Giles
546,1435696275,Ralph Giles
546,1435697286,Ralph Giles
546,1435697996,Ralph Giles
546,1435699564,Ralph Giles
546,1435699651,Ralph Giles
546,1435731029,Ralph Giles
548,1435821781,Ralph Giles
548,1435857321,Ralph Giles
548,1435865201,Ralph Giles
552,1436210665,Ralph Giles
640,1443825983,Ralph Giles
640,1443826113,Ralph Giles
642,1443979304,Ralph Giles
642,1444015059,Matthew Gregan
642,1444015126,Matthew Gregan
642,1444015225,Matthew Gregan
643,1444102596,Matthew Gregan
649,1444602323,Matthew Gregan
649,1444610836,Matthew Gregan
649,1444610870,Matthew Gregan
649,1444612664,Matthew Gregan
649,1444615657,Matthew Gregan
649,1444618966,Matthew Gregan
649,1444622627,Matthew Gregan
649,1444624074,Matthew Gregan
649,1444624904,Matthew Gregan
649,1444626330,Matthew Gregan
649,1444627030,Matthew Gregan
650,1444691451,Matthew Gregan
650,1444691525,Matthew Gregan
650,1444691534,Matthew Gregan
650,1444696455,Matthew Gregan
650,1444698264,Matthew Gregan
650,1444702820,Matthew Gregan
650,1444703403,Matthew Gregan
650,1444704105,Matthew Gregan
650,1444708098,Matthew Gregan
650,1444711095,Matthew Gregan
650,1444713035,Matthew Gregan
652,1444859348,Ralph Giles
652,1444860074,Ralph Giles
652,1444860262,Ralph Giles
652,1444864297,Ralph Giles
652,1444864391,Ralph Giles
652,1444867861,Ralph Giles
652,1444867903,Ralph Giles
652,1444868070,Matthew Gregan
652,1444874504,Matthew Gregan
652,1444881597,Matthew Gregan
652,1444882847,Matthew Gregan
652,1444882909,Matthew Gregan
652,1444883392,Matthew Gregan
652,1444883530,Matthew Gregan
652,1444884025,Matthew Gregan
652,1444884442,Matthew Gregan
652,1444885044,Matthew Gregan
653,1444931925,Ralph Giles
653,1444932852,Ralph Giles
653,1444967506,Matthew Gregan
653,1444967529,Matthew Gregan
654,1445027966,Ralph Giles
654,1445028769,Ralph Giles
654,1445028847,Ralph Giles
654,1445028880,Ralph Giles
654,1445032609,Ralph Giles
657,1445277411,Ralph Giles
657,1445305998,Matthew Gregan
657,1445308823,Matthew Gregan
657,1445315219,Matthew Gregan
657,1445315252,Matthew Gregan
658,1445373832,Ralph Giles
658,1445374015,Ralph Giles
658,1445375124,Ralph Giles
658,1445377617,Matthew Gregan
658,1445377828,Ralph Giles
658,1445378028,Ralph Giles
658,1445383319,Ralph Giles
658,1445383557,Ralph Giles
659,1445459676,Ralph Giles
659,1445459754,Ralph Giles
659,1445460371,Ralph Giles
659,1445461360,Ralph Giles
659,1445467744,Ralph Giles
659,1445468360,Ralph Giles
659,1445469167,Ralph Giles
659,1445473007,Ralph Giles
659,1445477073,Ralph Giles
659,1445484298,Matthew Gregan
659,1445484615,Matthew Gregan
659,1445485890,Matthew Gregan
661,1445622913,Ralph Giles
661,1445634957,Ralph Giles
661,1445635051,Ralph Giles
664,1445902941,Ralph Giles
664,1445903439,Ralph Giles
664,1445903808,Ralph Giles
664,1445903924,Ralph Giles
664,1445925019,Ralph Giles
665,1445983167,Ralph Giles
665,1445986699,Ralph Giles
665,1445987675,Ralph Giles
665,1446002682,Matthew Gregan
665,1446003552,Matthew Gregan
665,1446003718,Matthew Gregan
665,1446004047,Matthew Gregan
665,1446004102,Matthew Gregan
666,1446048156,Ralph Giles
666,1446048368,Ralph Giles
666,1446048599,Ralph Giles
666,1446082304,Matthew Gregan
667,1446141897,Ralph Giles
667,1446141992,Ralph Giles
667,1446143466,Ralph Giles
667,1446144585,Ralph Giles
667,1446178803,Matthew Gregan
669,1446312080,Ralph Giles
671,1446533807,Ralph Giles
671,1446534489,Ralph Giles
672,1446607895,Matthew Gregan
673,1446659788,Ralph Giles
673,1446694819,Ralph Giles
674,1446787664,Matthew Gregan
687,1447911189,Matthew Gregan
699,1448943571,Matthew Gregan
700,1449018119,Ralph Giles
700,1449018820,Matthew Gregan
700,1449019155,Ralph Giles
700,1449019449,Ralph Giles
700,1449020165,Matthew Gregan
700,1449020380,Ralph Giles
701,1449077449,Ralph Giles
701,1449103147,Ralph Giles
701,1449104540,Ralph Giles
708,1449676008,Matthew Gregan
708,1449676177,Matthew Gregan
708,1449676329,Matthew Gregan
708,1449679426,Matthew Gregan
713,1450133012,Matthew Gregan
716,1450398078,Matthew Gregan
716,1450399222,Matthew Gregan
716,1450399505,Matthew Gregan
