a533b3f,Ralph Giles,1478819003,f67da66,Ralph Giles,1478817562, 1 file changed, 12 insertions(+), 12 deletions(-)

969f03a,Matthew Gregan,1478817007, 5 files changed, 12 insertions(+), 12 deletions(-)

e041d49,Matthew Gregan,1478815706, 1 file changed, 216 insertions(+), 216 deletions(-)

30d1237,Ralph Giles,1478686233,e545d15,alfredoyang,1478673469, 2 files changed, 10 insertions(+), 10 deletions(-)

ecff40e,alfredoyang,1478076438, 6 files changed, 194 insertions(+), 42 deletions(-)

cfd956a,Ralph Giles,1478039742, 2 files changed, 3 insertions(+), 3 deletions(-)

2a6e080,Ralph Giles,1478039707, 2 files changed, 2 insertions(+)

f509579,alfredoyang,1477524395, 3 files changed, 15 insertions(+), 5 deletions(-)

c30d530,Ralph Giles,1477437903, 1 file changed, 3 insertions(+)

4e8b543,Ralph Giles,1477445586, 2 files changed, 7 insertions(+), 5 deletions(-)

de242ed,Ralph Giles,1477437743, 1 file changed, 8 insertions(+), 2 deletions(-)

e1f6359,Ralph Giles,1477437074, 2 files changed, 7 insertions(+), 6 deletions(-)

b0e9ae7,Ralph Giles,1477035714,305cc92,alfredoyang,1477022252, 2 files changed, 9 insertions(+), 14 deletions(-)

948d209,alfredoyang,1476948719, 4 files changed, 69 insertions(+), 20 deletions(-)

e3c9d96,Matthew Gregan,1476488309, 1 file changed, 1 insertion(+)

db0506f,alfredoyang,1476342303, 4 files changed, 111 insertions(+), 16 deletions(-)

1cc0580,alfredoyang,1475928486, 3 files changed, 78 insertions(+), 17 deletions(-)

ff25615,Ralph Giles,1476116132,8ee0841,alfredoyang,1475630256, 1 file changed, 65 insertions(+)

338b163,Ralph Giles,1475618200, 1 file changed, 3 insertions(+), 4 deletions(-)

2831bf8,Ralph Giles,1475526996,36107c6,Ralph Giles,1475519154, 2 files changed, 6 insertions(+), 4 deletions(-)

b3e3ab1,Ralph Giles,1475473152,cf1a082,Ralph Giles,1473969633, 4 files changed, 111 insertions(+), 5 deletions(-)

674dd74,Ralph Giles,1473896021, 3 files changed, 79 insertions(+), 1 deletion(-)

63212d9,Ralph Giles,1475268726,254e579,alfredoyang,1475216123, 1 file changed, 62 insertions(+), 28 deletions(-)

b5363cc,Ralph Giles,1475123932,c08a02d,Matthew Gregan,1475122457, 1 file changed, 10 insertions(+), 7 deletions(-)

c9b708c,Ralph Giles,1474907058,ba7818f,alfredoyang,1474876070, 2 files changed, 62 insertions(+)

67addd3,Ralph Giles,1474602713,239c0ce,alfredoyang,1474255367, 3 files changed, 71 insertions(+), 4 deletions(-)

a2a5bf8,Matthew Gregan,1474255900,4294103,alfredoyang,1473763917, 1 file changed, 28 insertions(+), 13 deletions(-)

59d8949,Ralph Giles,1473779553, 2 files changed, 3 insertions(+), 3 deletions(-)

9aa068d,Matthew Gregan,1473742929,ef975a4,Ralph Giles,1473623829, 1 file changed, 5 insertions(+), 3 deletions(-)

d1eb32f,Ralph Giles,1473352786, 1 file changed, 71 insertions(+), 13 deletions(-)

710179a,Ralph Giles,1472808979,ee992c8,Alfredo Yang,1472109511, 3 files changed, 51 insertions(+)

d49acce,Ralph Giles,1472742143,421ccb0,Anthony Ramine,1472721054, 1 file changed, 1 insertion(+), 1 deletion(-)

78cda9d,Ralph Giles,1472688837, 1 file changed, 1 insertion(+), 1 deletion(-)

104a700,Ralph Giles,1472686998, 6 files changed, 10 insertions(+), 6 deletions(-)

44d00bf,Ralph Giles,1472685952, 1 file changed, 9 insertions(+), 6 deletions(-)

88a50c2,Ralph Giles,1472689580,1a4d0cc,Anthony Ramine,1472548039, 17 files changed, 71 insertions(+), 50 deletions(-)

36827a7,Ralph Giles,1472594453, 1 file changed, 2 insertions(+), 2 deletions(-)

49ae3de,Ralph Giles,1472594264,6c31e96,Guillaume Gomez,1472501594, 1 file changed, 89 insertions(+)

5591a3f,Ralph Giles,1472530034,4d31cdf,Ralph Giles,1472511340, 1 file changed, 1 insertion(+), 1 deletion(-)

1eece44,Ralph Giles,1472515946, 1 file changed, 3 insertions(+), 1 deletion(-)

d2d9836,Ralph Giles,1472511279, 2 files changed, 15 insertions(+), 13 deletions(-)

e35bc28,Guillaume Gomez,1472504117, 1 file changed, 14 insertions(+), 14 deletions(-)

c60bcfb,Ralph Giles,1472500450,58ab93a,Guillaume Gomez,1472305536, 2 files changed, 30 insertions(+), 30 deletions(-)

11ec2c0,Matthew Gregan,1469582831,c95593c,Matthew Gregan,1469581336,1252997,leonardo.yvens,1469580843, 1 file changed, 12 insertions(+), 22 deletions(-)

c67eeb8,Matthew Gregan,1469570994, 1 file changed, 15 insertions(+), 21 deletions(-)

1179840,Ralph Giles,1468869702, 3 files changed, 12 insertions(+), 1 deletion(-)

af73c33,Matthew Gregan,1468499119, 1 file changed, 24 insertions(+), 12 deletions(-)

e43f985,Matthew Gregan,1468496028,3c4eac4,masklinn,1468418975, 1 file changed, 17 insertions(+), 21 deletions(-)

77d65ea,Ralph Giles,1467236615, 1 file changed, 1 insertion(+), 1 deletion(-)

5e7e91e,Ralph Giles,1467061958, 1 file changed, 1 insertion(+), 1 deletion(-)

b4e6993,Ralph Giles,1466802349, 3 files changed, 35 insertions(+), 15 deletions(-)

a9f32d0,Ralph Giles,1466707251, 1 file changed, 34 insertions(+), 20 deletions(-)

c1fc71a,Ralph Giles,1466706966, 2 files changed, 60 insertions(+), 16 deletions(-)

dd753ec,Matthew Gregan,1466634235,aca1e8b,Ralph Giles,1464128405, 1 file changed, 13 insertions(+), 3 deletions(-)

26b9378,Ralph Giles,1466431665, 1 file changed, 59 insertions(+), 3 deletions(-)

9290077,Ralph Giles,1466431309, 2 files changed, 6 insertions(+), 17 deletions(-)

4bb3645,Matthew Gregan,1466158387, 1 file changed, 2 deletions(-)

05b8b92,Ralph Giles,1466152190, 2 files changed, 7 insertions(+), 3 deletions(-)

44aa204,Ralph Giles,1466151875, 1 file changed, 8 insertions(+), 8 deletions(-)

a78a875,Ralph Giles,1464976661, 2 files changed, 86 insertions(+)

ff77660,Ralph Giles,1464205620, 4 files changed, 1 insertion(+), 8 deletions(-)

0ab7f62,Ralph Giles,1464199236, 1 file changed, 1 insertion(+), 18 deletions(-)

33d2060,Ralph Giles,1458852149, 1 file changed, 2 insertions(+), 1 deletion(-)

1e04be4,Ralph Giles,1458752050, 1 file changed, 1 insertion(+), 1 deletion(-)

a416567,Matthew Gregan,1458699149, 2 files changed, 17 insertions(+), 23 deletions(-)

b0e39c4,Ralph Giles,1457734509, 1 file changed, 1 insertion(+), 1 deletion(-)

00dd0eb,Ralph Giles,1457734338, 1 file changed, 10 insertions(+), 3 deletions(-)

9761539,Matthew Gregan,1457582806, 2 files changed, 53 insertions(+), 10 deletions(-)

212cd00,Matthew Gregan,1457580948, 1 file changed, 2 insertions(+), 2 deletions(-)

65e018f,Matthew Gregan,1457488133, 1 file changed, 3 insertions(+), 3 deletions(-)

80839fc,Matthew Gregan,1457056597, 1 file changed, 2 insertions(+)

58de445,Matthew Gregan,1457055145, 1 file changed, 3 insertions(+), 2 deletions(-)

6dea544,Matthew Gregan,1457054298, 4 files changed, 21 insertions(+), 21 deletions(-)

884f296,Matthew Gregan,1456964468, 4 files changed, 16 insertions(+), 27 deletions(-)

e316f24,Matthew Gregan,1456892765, 2 files changed, 35 insertions(+), 35 deletions(-)

4f8e51d,Matthew Gregan,1456882210, 2 files changed, 4 insertions(+), 3 deletions(-)

ff39ce0,Matthew Gregan,1456874695, 1 file changed, 13 insertions(+), 9 deletions(-)

b664d57,Matthew Gregan,1456794970, 1 file changed, 2 insertions(+), 2 deletions(-)

56bb4c9,Matthew Gregan,1456790965, 1 file changed, 1 insertion(+), 1 deletion(-)

c5b1d62,Matthew Gregan,1456790539, 1 file changed, 2 insertions(+), 2 deletions(-)

ff1882a,Matthew Gregan,1456725124, 1 file changed, 31 insertions(+), 36 deletions(-)

94bd31d,Matthew Gregan,1456724777, 1 file changed, 13 insertions(+), 20 deletions(-)

822abad,Matthew Gregan,1456718923, 1 file changed, 2 insertions(+), 3 deletions(-)

20d81a9,Matthew Gregan,1456374408, 6 files changed, 459 insertions(+), 87 deletions(-)

08f90ab,Matthew Gregan,1456367739, 2 files changed, 61 insertions(+), 61 deletions(-)

410eaac,Matthew Gregan,1456365049, 1 file changed, 7 insertions(+), 7 deletions(-)

baaed56,Matthew Gregan,1456281709, 2 files changed, 10 insertions(+), 10 deletions(-)

1fa902c,Matthew Gregan,1455684710, 1 file changed, 21 insertions(+), 33 deletions(-)

18fe025,Matthew Gregan,1455516974, 3 files changed, 155 insertions(+), 131 deletions(-)

1d808f1,Matthew Gregan,1455506656, 1 file changed, 19 insertions(+), 3 deletions(-)

a7b4b59,Matthew Gregan,1455322430, 2 files changed, 60 insertions(+), 60 deletions(-)

67a0f7f,Matthew Gregan,1455322330, 2 files changed, 9 insertions(+), 4 deletions(-)

122c9ef,Matthew Gregan,1455417523, 1 file changed, 18 insertions(+), 2 deletions(-)

ea8627c,Matthew Gregan,1455259138, 1 file changed, 27 insertions(+)

0223906,Matthew Gregan,1455258653, 2 files changed, 27 insertions(+), 3 deletions(-)

3d2c8bb,Matthew Gregan,1455252397, 1 file changed, 38 insertions(+), 30 deletions(-)

6fdc4a7,Matthew Gregan,1454567185, 2 files changed, 133 insertions(+), 116 deletions(-)

2f37ce9,Matthew Gregan,1454564383, 1 file changed, 2 insertions(+), 2 deletions(-)

adfb894,Matthew Gregan,1454559430, 1 file changed, 14 insertions(+), 24 deletions(-)

396255d,Matthew Gregan,1454559399, 2 files changed, 62 insertions(+), 35 deletions(-)

05953b7,Matthew Gregan,1454556818, 2 files changed, 66 insertions(+), 99 deletions(-)

e688b65,Matthew Gregan,1454555571, 2 files changed, 66 insertions(+), 88 deletions(-)

f33eb07,Matthew Gregan,1454482978, 1 file changed, 14 insertions(+), 3 deletions(-)

af6a38d,Matthew Gregan,1454478751, 1 file changed, 5 insertions(+), 5 deletions(-)

3f53875,Matthew Gregan,1454477577, 1 file changed, 31 insertions(+), 32 deletions(-)

56973bb,Matthew Gregan,1454476815, 3 files changed, 38 insertions(+), 38 deletions(-)

0052b55,Matthew Gregan,1454475021, 1 file changed, 4 insertions(+), 1 deletion(-)

0482592,Matthew Gregan,1454473871, 1 file changed, 5 insertions(+), 10 deletions(-)

8c2b220,Matthew Gregan,1454473851, 1 file changed, 8 insertions(+), 12 deletions(-)

44e129e,Matthew Gregan,1454469912, 1 file changed, 26 insertions(+), 9 deletions(-)

ca03435,Matthew Gregan,1454372223, 1 file changed, 1 insertion(+), 6 deletions(-)

6c349b0,Matthew Gregan,1454295273, 1 file changed, 8 insertions(+), 4 deletions(-)

5398209,Matthew Gregan,1454295124, 1 file changed, 6 insertions(+), 7 deletions(-)

dc56ac8,Matthew Gregan,1454293214, 1 file changed, 4 insertions(+), 1 deletion(-)

2131172,Matthew Gregan,1454291965, 1 file changed, 7 insertions(+), 1 deletion(-)

20f3ba5,Matthew Gregan,1454291027, 1 file changed, 14 insertions(+), 9 deletions(-)

e508f6f,Matthew Gregan,1454290273, 1 file changed, 13 insertions(+), 3 deletions(-)

f069c4d,Matthew Gregan,1454288317, 1 file changed, 52 insertions(+), 87 deletions(-)

d151552,Matthew Gregan,1454286645, 1 file changed, 1 deletion(-)

d96893a,Matthew Gregan,1454283306, 1 file changed, 68 insertions(+), 64 deletions(-)

96df295,Matthew Gregan,1454281503, 1 file changed, 14 insertions(+), 14 deletions(-)

cee0968,Matthew Gregan,1454279953, 1 file changed, 59 insertions(+), 53 deletions(-)

eb7b793,Matthew Gregan,1454279858, 1 file changed, 36 insertions(+), 8 deletions(-)

0d693d6,Ralph Giles,1456937487, 1 file changed, 1 insertion(+), 1 deletion(-)

74b7afc,Matthew Gregan,1456455676, 1 file changed, 4 insertions(+), 3 deletions(-)

c6ad61c,Matthew Gregan,1456374352, 1 file changed, 1 insertion(+), 3 deletions(-)

42e09b6,Matthew Gregan,1456191780, 1 file changed, 1 insertion(+)

ac8f13f,Matthew Gregan,1455847164, 1 file changed, 13 insertions(+), 8 deletions(-)

9b83c44,Matthew Gregan,1455847104, 1 file changed, 15 insertions(+), 16 deletions(-)

356904c,Matthew Gregan,1455847003, 1 file changed, 4 insertions(+)

3dd4adf,Matthew Gregan,1455759166, 2 files changed, 87 insertions(+), 11 deletions(-)

dcc73df,Matthew Gregan,1455759225, 1 file changed, 1 insertion(+), 1 deletion(-)

3df06c7,Matthew Gregan,1455751408, 2 files changed, 41 insertions(+), 1 deletion(-)

cada0aa,Matthew Gregan,1455686257, 3 files changed, 37 insertions(+)

63666c0,Matthew Gregan,1455682666, 2 files changed, 50 insertions(+), 4 deletions(-)

064029f,Matthew Gregan,1455677083, 2 files changed, 18 insertions(+)

dbb6e50,Matthew Gregan,1455675689, 3 files changed, 73 insertions(+), 3 deletions(-)

8fcec67,Matthew Gregan,1455517093, 1 file changed, 6 insertions(+), 6 deletions(-)

bd62443,Ralph Giles,1454464254, 1 file changed, 2 insertions(+), 1 deletion(-)

2845b60,Ralph Giles,1454451653, 1 file changed, 1 deletion(-)

c13a0c6,Matthew Gregan,1454045416, 3 files changed, 20 insertions(+), 15 deletions(-)

bb8d837,Ralph Giles,1454019944, 1 file changed, 46 insertions(+)

1a35138,Ralph Giles,1454360666, 1 file changed, 9 insertions(+), 15 deletions(-)

9ab7007,Ralph Giles,1454096206, 1 file changed, 2 insertions(+), 2 deletions(-)

6cc62f6,Ralph Giles,1454050670, 1 file changed, 2 insertions(+), 2 deletions(-)

10d3dec,Ralph Giles,1454049811, 2 files changed, 9 insertions(+), 6 deletions(-)

431c8f7,Matthew Gregan,1454042229, 2 files changed, 5 insertions(+), 8 deletions(-)

9d55878,Matthew Gregan,1454039951, 2 files changed, 3 insertions(+), 3 deletions(-)

6a27f57,Matthew Gregan,1454032513, 1 file changed, 4 insertions(+)

4b759ba,Matthew Gregan,1454031739, 1 file changed, 1 insertion(+), 1 deletion(-)

7c435a1,Matthew Gregan,1454031531, 1 file changed, 1 insertion(+), 1 deletion(-)

b7d9d6f,Matthew Gregan,1454031358, 1 file changed, 7 insertions(+)

08ffa8a,Matthew Gregan,1454028227, 1 file changed, 9 insertions(+), 2 deletions(-)

2ddff4c,Matthew Gregan,1454026637, 2 files changed, 1 insertion(+), 1 deletion(-)

f6e61c1,Ralph Giles,1454022037, 1 file changed, 4 insertions(+), 6 deletions(-)

ab29235,Ralph Giles,1454017235, 1 file changed, 11 insertions(+)

3dc561c,Ralph Giles,1454016760, 1 file changed, 1 insertion(+), 1 deletion(-)

54466ed,Ralph Giles,1454014616, 1 file changed, 7 deletions(-)

559f226,Ralph Giles,1454014033, 2 files changed, 1 insertion(+), 11 deletions(-)

38f8213,Ralph Giles,1454008306, 1 file changed, 8 insertions(+), 2 deletions(-)

1267beb,Ralph Giles,1454007224, 2 files changed, 9 insertions(+), 9 deletions(-)

d14c05a,Ralph Giles,1454007023, 1 file changed, 5 insertions(+), 4 deletions(-)

85fddb4,Ralph Giles,1454007013, 3 files changed, 13 insertions(+), 14 deletions(-)

3965cda,Ralph Giles,1454006830, 3 files changed, 14 insertions(+), 13 deletions(-)

b4abdb5,Ralph Giles,1454004518, 1 file changed, 1 insertion(+), 1 deletion(-)

142d039,Ralph Giles,1454004378, 1 file changed, 1 insertion(+)

ba69f4b,Matthew Gregan,1453940942, 4 files changed, 74 insertions(+), 66 deletions(-)

1a58bd4,Matthew Gregan,1452738099, 3 files changed, 23 insertions(+), 62 deletions(-)

f773e30,Ralph Giles,1453875749, 1 file changed, 1 insertion(+), 1 deletion(-)

3f9439a,Matthew Gregan,1453860156,ebb3c52,Matthew Gregan,1453859916, 2 files changed, 59 insertions(+), 1 deletion(-)

f56d139,Ralph Giles,1453842086, 1 file changed, 1 insertion(+), 1 deletion(-)

36d2587,Matthew Gregan,1453770344, 1 file changed, 1 insertion(+), 1 deletion(-)

86a2196,Matthew Gregan,1453779993, 2 files changed, 3 deletions(-)

9c18685,Ralph Giles,1453771526, 1 file changed, 10 insertions(+), 10 deletions(-)

8690f2a,Ralph Giles,1453771372, 1 file changed, 13 insertions(+), 14 deletions(-)

fc434ab,Ralph Giles,1453770600, 1 file changed, 9 insertions(+)

b6d5621,Matthew Gregan,1453770344, 1 file changed, 1 insertion(+), 1 deletion(-)

f17e3e8,Ralph Giles,1453766019, 1 file changed, 18 insertions(+)

986a4df,Ralph Giles,1453742340, 1 file changed, 5 insertions(+), 9 deletions(-)

ec007a4,Matthew Gregan,1453692854, 1 file changed, 40 insertions(+), 4 deletions(-)

d8fc595,Matthew Gregan,1453681373, 1 file changed, 15 insertions(+), 17 deletions(-)

d4e550a,Matthew Gregan,1453680764, 1 file changed, 10 insertions(+), 8 deletions(-)

c01fbb7,Matthew Gregan,1453678673, 1 file changed, 71 insertions(+), 20 deletions(-)

114763e,Matthew Gregan,1453677483, 1 file changed, 38 insertions(+), 83 deletions(-)

6179efd,Ralph Giles,1453509270, 1 file changed, 4 insertions(+), 29 deletions(-)

3d32bd5,Ralph Giles,1452734176, 1 file changed, 119 insertions(+), 6 deletions(-)

ac2c586,Ralph Giles,1453506595, 1 file changed, 13 insertions(+), 15 deletions(-)

7a87789,Ralph Giles,1453505146, 1 file changed, 1 insertion(+)

3e5879d,Ralph Giles,1453161611, 1 file changed, 37 insertions(+), 3 deletions(-)

83049b2,Ralph Giles,1453506972, 1 file changed, 1 insertion(+), 1 deletion(-)

6b1a6be,Matthew Gregan,1453418232, 1 file changed, 38 insertions(+), 21 deletions(-)

e1244df,Matthew Gregan,1453070229, 1 file changed, 1 deletion(-)

c46d736,Matthew Gregan,1453321847,4452957,fbergr,1453318763, 1 file changed, 1 insertion(+), 1 deletion(-)

f10e656,Ralph Giles,1453161978, 1 file changed, 2 insertions(+), 2 deletions(-)

ae41707,Ralph Giles,1452877926, 1 file changed, 1 insertion(+), 1 deletion(-)

ce799da,Ralph Giles,1452875862, 1 file changed, 1 insertion(+), 1 deletion(-)

1b80cbc,Matthew Gregan,1452839091, 1 file changed, 17 insertions(+), 11 deletions(-)

66976e2,Matthew Gregan,1452825209, 1 file changed, 18 insertions(+)

87b0eb7,Matthew Gregan,1452660661, 1 file changed, 7 insertions(+), 3 deletions(-)

7aabe7c,Matthew Gregan,1452660559, 1 file changed, 2 insertions(+), 2 deletions(-)

18dcd97,Matthew Gregan,1452646157, 1 file changed, 9 insertions(+), 9 deletions(-)

0e1d3d6,Ralph Giles,1452812164, 2 files changed, 311 insertions(+), 304 deletions(-)

dad7005,Matthew Gregan,1452805276,6ee2396,Francois Marier,1452804619, 1 file changed, 2 insertions(+)

5c4ff09,Ralph Giles,1452541432, 1 file changed, 1 insertion(+), 2 deletions(-)

d5b04f7,Ralph Giles,1452539979, 3 files changed, 18 insertions(+), 18 deletions(-)

627c647,Ralph Giles,1452536114, 1 file changed, 1 insertion(+), 1 deletion(-)

ff3eecc,Matthew Gregan,1452494105, 1 file changed, 44 insertions(+), 64 deletions(-)

433d38c,Matthew Gregan,1452487653, 3 files changed, 98 insertions(+), 107 deletions(-)

0690747,Matthew Gregan,1452485616, 1 file changed, 32 insertions(+), 6 deletions(-)

d08bd74,Matthew Gregan,1452484454, 1 file changed, 12 insertions(+), 1 deletion(-)

70138eb,Matthew Gregan,1452483113, 1 file changed, 39 insertions(+), 20 deletions(-)

074681c,Matthew Gregan,1452476140, 2 files changed, 9 insertions(+), 9 deletions(-)

4e1f716,Ralph Giles,1452289872, 4 files changed, 43 insertions(+), 18 deletions(-)

a8b0bfb,Ralph Giles,1452286857, 3 files changed, 70 insertions(+), 26 deletions(-)

1f23529,Ralph Giles,1452286805, 1 file changed, 1 insertion(+), 1 deletion(-)

dad0060,Ralph Giles,1452273931, 1 file changed, 2 insertions(+)

85be3cc,Matthew Gregan,1452231509, 1 file changed, 20 insertions(+), 30 deletions(-)

ec4196a,Matthew Gregan,1452231016, 1 file changed, 131 insertions(+), 142 deletions(-)

c589956,Matthew Gregan,1452230355, 2 files changed, 17 insertions(+), 8 deletions(-)

079fc74,Matthew Gregan,1452225946, 1 file changed, 1 insertion(+), 13 deletions(-)

ac02915,Matthew Gregan,1452223573, 1 file changed, 270 insertions(+), 265 deletions(-)

70fb559,Matthew Gregan,1452222913, 1 file changed, 1 insertion(+), 1 deletion(-)

42c1807,Matthew Gregan,1452222723, 1 file changed, 11 deletions(-)

d97784d,Matthew Gregan,1452222654, 1 file changed, 99 insertions(+), 6 deletions(-)

e9e15a3,Matthew Gregan,1452222624, 1 file changed, 8 insertions(+), 1 deletion(-)

34bd1f2,Matthew Gregan,1452222586, 1 file changed, 1 insertion(+), 1 deletion(-)

0f3e3e0,Ralph Giles,1452210715, 1 file changed, 7 insertions(+), 1 deletion(-)

a0d723b,Ralph Giles,1452200121, 1 file changed, 1 insertion(+), 1 deletion(-)

0d1a092,Ralph Giles,1452188453, 1 file changed, 6 insertions(+), 8 deletions(-)

29d703d,Matthew Gregan,1452148284, 1 file changed, 61 insertions(+), 9 deletions(-)

a9b8908,Matthew Gregan,1450399505, 1 file changed, 85 insertions(+), 79 deletions(-)

ee33779,Matthew Gregan,1450399222, 2 files changed, 5 insertions(+), 5 deletions(-)

35700be,Matthew Gregan,1450398078, 2 files changed, 111 insertions(+), 95 deletions(-)

4cb6eba,Matthew Gregan,1450133012, 1 file changed, 17 insertions(+), 3 deletions(-)

384ab94,Matthew Gregan,1449679426, 1 file changed, 11 insertions(+), 3 deletions(-)

b367a0e,Matthew Gregan,1449676329, 1 file changed, 3 deletions(-)

d34bb60,Matthew Gregan,1449676177, 1 file changed, 2 insertions(+), 2 deletions(-)

3bc18ed,Matthew Gregan,1449676008, 1 file changed, 36 insertions(+), 61 deletions(-)

17a8f84,Ralph Giles,1449104540, 1 file changed, 22 insertions(+), 20 deletions(-)

5709306,Ralph Giles,1449103147, 1 file changed, 2 insertions(+)

095943e,Ralph Giles,1449077449, 1 file changed, 1 insertion(+), 1 deletion(-)

be72185,Ralph Giles,1449020380,c0d50c1,Matthew Gregan,1449020165, 1 file changed, 10 insertions(+), 4 deletions(-)

4d564e8,Ralph Giles,1449019449, 1 file changed, 1 insertion(+), 1 deletion(-)

49946f1,Ralph Giles,1449019155,58f4438,Matthew Gregan,1449018820, 1 file changed, 1 insertion(+), 2 deletions(-)

41eacea,Ralph Giles,1449018119,b690e48,Matthew Gregan,1448943571, 2 files changed, 67 insertions(+), 28 deletions(-)

faeb8d0,Matthew Gregan,1447911189, 4 files changed, 147 insertions(+), 82 deletions(-)

e2b9892,Matthew Gregan,1446787664, 4 files changed, 300 insertions(+), 23 deletions(-)

22d1629,Ralph Giles,1446694819, 1 file changed, 3 insertions(+)

dcbe862,Ralph Giles,1446659788, 1 file changed, 1 insertion(+), 1 deletion(-)

55d38ac,Matthew Gregan,1446607895, 2 files changed, 18 insertions(+), 3 deletions(-)

4340ec4,Matthew Gregan,1446178803, 2 files changed, 6 insertions(+), 6 deletions(-)

6d55992,Matthew Gregan,1446082304, 1 file changed, 2 insertions(+), 5 deletions(-)

5fb0357,Ralph Giles,1446534489, 2 files changed, 6 insertions(+)

83b7c38,Ralph Giles,1446533807, 1 file changed, 36 insertions(+), 23 deletions(-)

5f47c79,Ralph Giles,1446312080, 1 file changed, 1 insertion(+), 1 deletion(-)

70f4569,Ralph Giles,1445622913, 1 file changed, 2 insertions(+), 5 deletions(-)

b584de0,Ralph Giles,1446144585, 1 file changed, 10 insertions(+), 1 deletion(-)

9742275,Ralph Giles,1446143466, 1 file changed, 12 insertions(+), 9 deletions(-)

b154acc,Ralph Giles,1446141992, 1 file changed, 5 insertions(+), 2 deletions(-)

6899348,Ralph Giles,1446141897, 1 file changed, 9 insertions(+)

abb0f2b,Ralph Giles,1446048599, 1 file changed, 8 insertions(+)

471c80a,Ralph Giles,1446048368, 1 file changed, 1 insertion(+), 1 deletion(-)

c0afc74,Ralph Giles,1446048156, 1 file changed, 1 insertion(+), 1 deletion(-)

7749281,Matthew Gregan,1446004102, 1 file changed, 4 insertions(+), 4 deletions(-)

0b0c0ba,Matthew Gregan,1446004047, 1 file changed, 6 insertions(+), 6 deletions(-)

ba8f131,Matthew Gregan,1446003718, 1 file changed, 7 insertions(+), 1 deletion(-)

a60ea2d,Matthew Gregan,1446003552, 1 file changed, 3 insertions(+), 1 deletion(-)

65c741b,Matthew Gregan,1446002682, 1 file changed, 1 insertion(+), 4 deletions(-)

ba62c7d,Matthew Gregan,1445484298, 1 file changed, 1 insertion(+), 1 deletion(-)

5f9ea87,Matthew Gregan,1445485890, 1 file changed, 49 insertions(+), 55 deletions(-)

d1deaad,Matthew Gregan,1445484615, 1 file changed, 1 insertion(+), 1 deletion(-)

48fe226,Ralph Giles,1445987675, 1 file changed, 18 insertions(+), 4 deletions(-)

afe4f4f,Ralph Giles,1445986699, 1 file changed, 44 insertions(+), 44 deletions(-)

b6f41e5,Ralph Giles,1445983167, 2 files changed, 33 insertions(+), 8 deletions(-)

e97cf8a,Ralph Giles,1445925019, 1 file changed, 17 insertions(+)

9eca3e7,Ralph Giles,1445903924, 1 file changed, 2 insertions(+), 2 deletions(-)

9581f30,Ralph Giles,1445903808, 3 files changed, 59 insertions(+), 30 deletions(-)

1f8087e,Ralph Giles,1445903439, 1 file changed, 1 insertion(+), 1 deletion(-)

71a89bc,Ralph Giles,1445902941, 1 file changed, 7 insertions(+), 7 deletions(-)

69056fb,Ralph Giles,1445635051, 1 file changed, 5 insertions(+), 6 deletions(-)

e155946,Ralph Giles,1445634957, 1 file changed, 5 deletions(-)

5d5023d,Ralph Giles,1445477073, 1 file changed, 1 insertion(+), 1 deletion(-)

0a8dfa5,Ralph Giles,1445473007, 1 file changed, 21 insertions(+), 16 deletions(-)

1fe92d8,Ralph Giles,1445469167, 1 file changed, 7 insertions(+), 8 deletions(-)

fc65aa5,Ralph Giles,1445468360, 1 file changed, 11 insertions(+), 12 deletions(-)

ad436ca,Matthew Gregan,1445377617, 1 file changed, 1 insertion(+), 1 deletion(-)

30f74ad,Ralph Giles,1445467744, 1 file changed, 39 insertions(+)

5e4ebf7,Ralph Giles,1445461360, 1 file changed, 3 insertions(+)

7a089ea,Ralph Giles,1445460371, 2 files changed, 34 insertions(+), 8 deletions(-)

bcbed16,Ralph Giles,1445459754, 1 file changed, 0 insertions(+), 0 deletions(-)

a6345ab,Ralph Giles,1445459676, 1 file changed, 3 insertions(+), 3 deletions(-)

027e483,Ralph Giles,1445383557, 1 file changed, 2 insertions(+), 2 deletions(-)

830a055,Ralph Giles,1445383319, 2 files changed, 66 insertions(+), 46 deletions(-)

4dace6d,Ralph Giles,1445378028, 1 file changed, 5 insertions(+), 3 deletions(-)

6a5fc43,Ralph Giles,1445377828, 1 file changed, 14 insertions(+), 10 deletions(-)

87d9e24,Ralph Giles,1445375124, 1 file changed, 2 insertions(+), 37 deletions(-)

69052a9,Ralph Giles,1445374015, 1 file changed, 1 insertion(+), 1 deletion(-)

ab4625b,Ralph Giles,1445373832, 1 file changed, 1 insertion(+), 1 deletion(-)

123c294,Matthew Gregan,1445305998, 2 files changed, 61 insertions(+)

d58cf48,Matthew Gregan,1445315252, 1 file changed, 42 insertions(+), 31 deletions(-)

a335c2d,Matthew Gregan,1445315219, 1 file changed, 47 insertions(+), 164 deletions(-)

5907e33,Matthew Gregan,1445308823, 2 files changed, 10 insertions(+), 2 deletions(-)

6552f0e,Ralph Giles,1445277411, 1 file changed, 6 insertions(+)

8f7e4cf,Ralph Giles,1445032609, 1 file changed, 1 insertion(+), 1 deletion(-)

83ad295,Ralph Giles,1445028880, 1 file changed, 6 insertions(+), 5 deletions(-)

2a4c38b,Ralph Giles,1445028847, 1 file changed, 1 insertion(+), 2 deletions(-)

85a2310,Ralph Giles,1445028769, 1 file changed, 1 insertion(+), 1 deletion(-)

a614819,Ralph Giles,1445027966, 1 file changed, 1 insertion(+)

40355b7,Matthew Gregan,1444967529, 1 file changed, 1 insertion(+), 1 deletion(-)

1e91987,Matthew Gregan,1444967506, 2 files changed, 8 insertions(+), 9 deletions(-)

bea0c58,Ralph Giles,1444932852, 1 file changed, 6 insertions(+), 3 deletions(-)

9125dbf,Ralph Giles,1444931925, 2 files changed, 25 insertions(+), 14 deletions(-)

de11a57,Matthew Gregan,1444885044, 1 file changed, 4 insertions(+), 3 deletions(-)

84021d8,Matthew Gregan,1444884442, 1 file changed, 1 insertion(+), 52 deletions(-)

d97da5a,Matthew Gregan,1444884025, 1 file changed, 2 insertions(+), 2 deletions(-)

42a7c24,Matthew Gregan,1444883530, 1 file changed, 3 insertions(+), 8 deletions(-)

af2ad9a,Matthew Gregan,1444883392, 1 file changed, 12 insertions(+), 35 deletions(-)

57507c2,Matthew Gregan,1444882909, 1 file changed, 81 insertions(+), 57 deletions(-)

55ecd32,Matthew Gregan,1444882847, 1 file changed, 1 insertion(+), 1 deletion(-)

a8687da,Matthew Gregan,1444881597, 1 file changed, 3 insertions(+), 4 deletions(-)

274a9e6,Matthew Gregan,1444874504, 1 file changed, 14 insertions(+), 7 deletions(-)

32fb000,Matthew Gregan,1444868070, 1 file changed, 5 insertions(+), 19 deletions(-)

5227c78,Ralph Giles,1444867903, 1 file changed, 7 insertions(+), 4 deletions(-)

9754442,Ralph Giles,1444867861, 1 file changed, 7 insertions(+)

43df5dd,Ralph Giles,1444864391, 1 file changed, 5 insertions(+)

5d521a6,Ralph Giles,1444864297, 1 file changed, 3 insertions(+), 2 deletions(-)

d33d118,Ralph Giles,1444860262, 1 file changed, 1 insertion(+)

f5bc7c4,Ralph Giles,1444860074, 1 file changed, 21 insertions(+), 21 deletions(-)

2ca1f07,Ralph Giles,1444859348, 1 file changed, 4 insertions(+), 4 deletions(-)

bca10d9,Matthew Gregan,1444713035, 1 file changed, 11 insertions(+), 21 deletions(-)

e9226b5,Matthew Gregan,1444711095, 1 file changed, 34 insertions(+), 3 deletions(-)

473ef58,Matthew Gregan,1444708098, 1 file changed, 2 insertions(+), 2 deletions(-)

27061df,Matthew Gregan,1444704105, 1 file changed, 20 insertions(+), 23 deletions(-)

7a2571b,Matthew Gregan,1444703403, 1 file changed, 22 insertions(+), 38 deletions(-)

214a1af,Matthew Gregan,1444702820, 1 file changed, 192 insertions(+)

7c5952f,Matthew Gregan,1444698264, 2 files changed, 33 insertions(+), 11 deletions(-)

56f2ed1,Matthew Gregan,1444696455, 1 file changed, 1 insertion(+), 1 deletion(-)

1fb2bb9,Matthew Gregan,1444691534, 1 file changed, 1 deletion(-)

5bc6853,Matthew Gregan,1444691525, 1 file changed, 47 insertions(+)

f626ecf,Matthew Gregan,1444691451, 1 file changed, 4 insertions(+)

8d858f3,Matthew Gregan,1444627030, 1 file changed, 50 insertions(+)

d884924,Matthew Gregan,1444626330, 1 file changed, 98 insertions(+)

316993d,Matthew Gregan,1444624904, 1 file changed, 39 insertions(+)

dc66634,Matthew Gregan,1444624074, 1 file changed, 62 insertions(+)

20e9095,Matthew Gregan,1444622627, 1 file changed, 109 insertions(+)

312453b,Matthew Gregan,1444618966, 1 file changed, 126 insertions(+)

afe4ca7,Matthew Gregan,1444615657, 1 file changed, 1 insertion(+), 1 deletion(-)

6716114,Matthew Gregan,1444612664, 1 file changed, 13 insertions(+), 3 deletions(-)

fdf747a,Matthew Gregan,1444610870, 1 file changed, 3 insertions(+), 3 deletions(-)

edd0054,Matthew Gregan,1444610836, 1 file changed, 11 insertions(+), 9 deletions(-)

a70dade,Matthew Gregan,1444602323, 1 file changed, 14 insertions(+), 23 deletions(-)

6f1d1d5,Matthew Gregan,1444102596, 1 file changed, 8 insertions(+), 52 deletions(-)

62217dd,Matthew Gregan,1444015225, 1 file changed, 52 insertions(+), 8 deletions(-)

34e1aed,Matthew Gregan,1444015126, 1 file changed, 2 insertions(+), 2 deletions(-)

46975d5,Matthew Gregan,1444015059, 1 file changed, 1 insertion(+), 1 deletion(-)

2c26043,Ralph Giles,1443979304, 1 file changed, 1 insertion(+), 1 deletion(-)

00925f7,Ralph Giles,1443826113, 2 files changed, 11 insertions(+), 7 deletions(-)

bb7fc3d,Ralph Giles,1443825983, 1 file changed, 8 insertions(+), 2 deletions(-)

058dc17,Ralph Giles,1436210665, 1 file changed, 2 insertions(+)

9695e40,Ralph Giles,1435865201, 1 file changed, 8 insertions(+), 6 deletions(-)

9347757,Ralph Giles,1435857321, 1 file changed, 25 insertions(+)

a07eddc,Ralph Giles,1435821781, 1 file changed, 55 insertions(+)

b2b67a8,Ralph Giles,1435731029, 1 file changed, 1 insertion(+), 1 deletion(-)

7398db9,Ralph Giles,1435699651, 1 file changed, 1 insertion(+), 1 deletion(-)

5a4ef7e,Ralph Giles,1435699564, 1 file changed, 5 insertions(+), 1 deletion(-)

678c5c4,Ralph Giles,1435697996, 2 files changed, 12 insertions(+), 4 deletions(-)

e082b1c,Ralph Giles,1435697286, 1 file changed, 6 insertions(+), 7 deletions(-)

5ce5a91,Ralph Giles,1435696275, 1 file changed, 1 insertion(+), 2 deletions(-)

de78dc8,Ralph Giles,1435696137, 1 file changed, 3 insertions(+), 1 deletion(-)

f3a7f59,Ralph Giles,1435696120, 1 file changed, 1 insertion(+)

d79f8d3,Ralph Giles,1435696085, 1 file changed, 3 insertions(+), 2 deletions(-)

3ee0b62,Ralph Giles,1435611736, 1 file changed, 18 insertions(+), 10 deletions(-)

5a13c4b,Ralph Giles,1434746876, 1 file changed, 6 insertions(+), 6 deletions(-)

09ad4fd,Ralph Giles,1434746401, 1 file changed, 2 insertions(+), 2 deletions(-)

685ffad,Ralph Giles,1434746216, 1 file changed, 7 insertions(+), 7 deletions(-)

fe37492,Ralph Giles,1434746163, 1 file changed, 6 insertions(+), 6 deletions(-)

a6fa16d,Ralph Giles,1434745953, 1 file changed, 11 insertions(+), 11 deletions(-)

00da159,Ralph Giles,1434745808, 1 file changed, 10 insertions(+), 11 deletions(-)

63c8a40,Ralph Giles,1434745443, 1 file changed, 1 insertion(+), 1 deletion(-)

14121f9,Ralph Giles,1434740521, 1 file changed, 5 insertions(+), 4 deletions(-)

352e915,Ralph Giles,1434495159, 1 file changed, 1 insertion(+), 1 deletion(-)

dd9a42c,Ralph Giles,1434488723, 1 file changed, 7 insertions(+), 1 deletion(-)

7d41622,Ralph Giles,1434483565, 1 file changed, 2 insertions(+), 1 deletion(-)

ec6b894,Ralph Giles,1434483383, 1 file changed, 6 insertions(+), 11 deletions(-)

548caf5,Ralph Giles,1434478180, 1 file changed, 3 insertions(+), 4 deletions(-)

102c9ef,Ralph Giles,1434478150, 1 file changed, 1 insertion(+), 1 deletion(-)

288740c,Ralph Giles,1434474950, 1 file changed, 2 insertions(+), 1 deletion(-)

d7454e4,Ralph Giles,1434415836, 1 file changed, 3 insertions(+), 8 deletions(-)

e376b3c,Ralph Giles,1434415806, 1 file changed, 14 insertions(+), 14 deletions(-)

4d49923,Ralph Giles,1434412203, 1 file changed, 8 insertions(+), 3 deletions(-)

83c76bd,Ralph Giles,1434404539, 1 file changed, 29 insertions(+)

a96f633,Ralph Giles,1434058130, 1 file changed, 1 insertion(+), 1 deletion(-)

388dd1a,Ralph Giles,1433957485, 1 file changed, 1 insertion(+), 1 deletion(-)

e2c8459,Ralph Giles,1433957238, 2 files changed, 61 insertions(+), 51 deletions(-)

ce87ca8,Ralph Giles,1433548630, 1 file changed, 5 insertions(+)

0ac4865,Ralph Giles,1433548607, 1 file changed, 70 insertions(+)

41a8137,Ralph Giles,1433542015, 1 file changed, 15 insertions(+), 10 deletions(-)

88393f1,Ralph Giles,1433540338, 1 file changed, 4 insertions(+)

3250ace,Ralph Giles,1433540271, 1 file changed, 2 insertions(+), 1 deletion(-)

544ace1,Ralph Giles,1433538234, 1 file changed, 10 insertions(+), 8 deletions(-)

c760059,Ralph Giles,1433537794, 1 file changed, 62 insertions(+)

5ffaba4,Ralph Giles,1433454180, 1 file changed, 16 insertions(+), 4 deletions(-)

52d3ff1,Ralph Giles,1433442272, 1 file changed, 15 insertions(+), 15 deletions(-)

38e8cee,Ralph Giles,1433440905, 1 file changed, 20 insertions(+), 15 deletions(-)

e5507d8,Ralph Giles,1433377540, 1 file changed, 1 insertion(+), 1 deletion(-)

cd0be9b,Ralph Giles,1433376507, 1 file changed, 16 insertions(+), 3 deletions(-)

499aac1,Ralph Giles,1433376041, 1 file changed, 4 insertions(+), 3 deletions(-)

cc2b7d0,Ralph Giles,1433375997, 1 file changed, 1 insertion(+), 1 deletion(-)

9bcfdc4,Ralph Giles,1433365342, 1 file changed, 5 insertions(+), 5 deletions(-)

f4f01fa,Ralph Giles,1433286521, 1 file changed, 10 insertions(+), 10 deletions(-)

774b23e,Ralph Giles,1433283069, 1 file changed, 1 insertion(+), 1 deletion(-)

4a8917d,Ralph Giles,1432941450, 1 file changed, 3 insertions(+), 6 deletions(-)

463c7ea,Ralph Giles,1432934167, 1 file changed, 6 insertions(+), 2 deletions(-)

001d329,Ralph Giles,1432933585, 1 file changed, 13 insertions(+), 5 deletions(-)

988526a,Ralph Giles,1432855891, 1 file changed, 13 insertions(+), 13 deletions(-)

1d55037,Ralph Giles,1432597143, 1 file changed, 6 insertions(+)

f9adc29,Ralph Giles,1432596577, 1 file changed, 1 insertion(+), 1 deletion(-)

ba3c1f0,Ralph Giles,1432593376, 2 files changed, 10 insertions(+), 2 deletions(-)

33d6428,Ralph Giles,1432589639, 2 files changed, 9 insertions(+), 1 deletion(-)

d29a573,Ralph Giles,1432237903, 1 file changed, 1 insertion(+), 1 deletion(-)

62dae6d,Ralph Giles,1432080219, 1 file changed, 5 insertions(+), 2 deletions(-)

47d39bc,Ralph Giles,1432079488, 1 file changed, 7 insertions(+), 2 deletions(-)

883afa5,Ralph Giles,1432079119, 2 files changed, 6 insertions(+), 2 deletions(-)

3dd149a,Ralph Giles,1430776131, 1 file changed, 4 insertions(+)

8d107c0,Ralph Giles,1430765130, 2 files changed, 10 insertions(+), 10 deletions(-)

49b6e8a,Ralph Giles,1430763700, 1 file changed, 1 deletion(-)

138dc28,Ralph Giles,1430763507, 1 file changed, 11 insertions(+), 11 deletions(-)

b4b4b52,Ralph Giles,1430762055, 1 file changed, 16 insertions(+)

b837ac5,Ralph Giles,1430176168, 1 file changed, 1 insertion(+), 1 deletion(-)

7428861,Ralph Giles,1430176087, 1 file changed, 23 insertions(+), 1 deletion(-)

fdf9dc7,Ralph Giles,1430176041, 1 file changed, 1 insertion(+), 2 deletions(-)

ab401a4,Ralph Giles,1430167867, 1 file changed, 8 insertions(+), 9 deletions(-)

93af79e,Ralph Giles,1430161301, 1 file changed, 9 insertions(+)

8b29dfc,Ralph Giles,1429919667, 1 file changed, 29 insertions(+)

7e501d8,Ralph Giles,1429907974, 1 file changed, 2 insertions(+), 2 deletions(-)

7a4f916,Ralph Giles,1429865709, 1 file changed, 2 insertions(+), 2 deletions(-)

e71ea4c,Ralph Giles,1429865316, 1 file changed, 5 insertions(+)

709fc50,Ralph Giles,1429864732, 1 file changed, 1 insertion(+)

3620211,Ralph Giles,1429864220, 1 file changed, 15 insertions(+)

c7109b2,Ralph Giles,1429863686, 1 file changed, 5 insertions(+), 2 deletions(-)

03c376d,Ralph Giles,1429862715, 1 file changed, 2 insertions(+), 2 deletions(-)

e9d2e99,Ralph Giles,1429862238, 1 file changed, 4 insertions(+), 2 deletions(-)

c8f4f2f,Ralph Giles,1429853979, 1 file changed, 7 insertions(+), 1 deletion(-)

be29e32,Ralph Giles,1429739360, 1 file changed, 1 insertion(+), 1 deletion(-)

cf7066e,Ralph Giles,1429306986, 1 file changed, 7 insertions(+)

c40bbde,Ralph Giles,1429306403, 1 file changed, 373 insertions(+)

94f35d0,Ralph Giles,1429306384, 1 file changed, 6 insertions(+), 1 deletion(-)

854c406,Ralph Giles,1429305501, 2 files changed, 14 insertions(+), 6 deletions(-)

1c0264f,Ralph Giles,1427750398, 1 file changed, 26 insertions(+)

a008981,Ralph Giles,1427736017, 1 file changed, 1 insertion(+), 1 deletion(-)

cdebc18,Ralph Giles,1427735981, 3 files changed, 10 insertions(+)

